{
  "num_queries_evaluated": 934,
  "recall_scores_percent": {
    "1": 84.68950749464668,
    "3": 96.8950749464668,
    "5": 98.82226980728052,
    "10": 99.67880085653104
  },
  "average_runtime_seconds": 2.843059957173448
}