{
  "num_queries_evaluated": 934,
  "recall_scores_percent": {
    "1": 81.90578158458244,
    "3": 94.64668094218416,
    "5": 97.32334047109208,
    "10": 98.92933618843684
  },
  "average_runtime_seconds": 2.467232334047109
}