{
  "num_queries_evaluated": 1479,
  "recall_scores_percent": {
    "1": 89.65517241379311,
    "3": 96.95740365111561,
    "5": 98.0392156862745,
    "10": 99.39148073022312
  },
  "average_runtime_seconds": 1.6503008789722786
}