{
  "num_queries_evaluated": 934,
  "recall_scores_percent": {
    "1": 84.58244111349036,
    "3": 97.21627408993577,
    "5": 99.3576017130621,
    "10": 99.67880085653104
  },
  "average_runtime_seconds": 3.6008297644539615
}