{
  "num_queries_evaluated": 1479,
  "recall_scores_percent": {
    "1": 88.9790398918188,
    "3": 96.82217714672076,
    "5": 98.10682893847193,
    "10": 99.32386747802569
  },
  "average_runtime_seconds": 1.8394374577417176
}