{
  "num_queries_evaluated": 1479,
  "recall_scores_percent": {
    "1": 89.4523326572008,
    "3": 97.16024340770791,
    "5": 98.37728194726166,
    "10": 99.52670723461799
  },
  "average_runtime_seconds": 1.4917383367139958
}