{
  "num_queries_evaluated": 1479,
  "recall_scores_percent": {
    "1": 83.77281947261663,
    "3": 97.29546991210277,
    "5": 97.97160243407707,
    "10": 99.32386747802569
  },
  "average_runtime_seconds": 1.7145436105476672
}