{
  "num_queries_evaluated": 934,
  "recall_scores_percent": {
    "1": 68.73661670235546,
    "3": 89.8286937901499,
    "5": 95.18201284796574,
    "10": 98.17987152034262
  },
  "average_runtime_seconds": 3.749488222698073
}