{
  "num_queries_evaluated": 934,
  "recall_scores_percent": {
    "1": 77.94432548179871,
    "3": 94.11134903640257,
    "5": 97.53747323340471,
    "10": 99.25053533190578
  },
  "average_runtime_seconds": 4.566956102783726
}