{
  "num_queries_evaluated": 934,
  "recall_scores_percent": {
    "1": 76.98072805139186,
    "3": 93.57601713062098,
    "5": 96.8950749464668,
    "10": 99.14346895074947
  },
  "average_runtime_seconds": 4.0280235546038545
}