{
  "num_queries_evaluated": 1479,
  "recall_scores_percent": {
    "1": 85.12508451656524,
    "3": 96.88979039891818,
    "5": 98.10682893847193,
    "10": 99.25625422582827
  },
  "average_runtime_seconds": 1.9142143340094655
}