{
  "num_queries_evaluated": 1479,
  "recall_scores_percent": {
    "1": 71.53482082488168,
    "3": 91.95402298850574,
    "5": 94.65855307640297,
    "10": 97.43069641649763
  },
  "average_runtime_seconds": 2.1132170385395534
}