{
  "num_queries_evaluated": 1478,
  "recall_scores_percent": {
    "1": 39.648173207036535,
    "3": 42.5575101488498,
    "5": 42.82814614343708,
    "10": 43.775372124492556
  },
  "average_runtime_seconds": 0.9699027068882737
}