{
  "num_queries_evaluated": 1478,
  "recall_scores_percent": {
    "1": 45.19621109607578,
    "3": 50.608930987821374,
    "5": 51.623815967523676,
    "10": 52.503382949932345
  },
  "average_runtime_seconds": 0.8396372557976894
}