{
  "num_queries_evaluated": 934,
  "recall_scores_percent": {
    "1": 38.75802997858672,
    "3": 44.432548179871524,
    "5": 47.96573875802998,
    "10": 49.03640256959314
  },
  "average_runtime_seconds": 1.3568812935459538
}