{
  "num_queries_evaluated": 934,
  "recall_scores_percent": {
    "1": 57.38758029978587,
    "3": 69.48608137044968,
    "5": 72.91220556745182,
    "10": 73.66167023554604
  },
  "average_runtime_seconds": 1.0693411181264056
}