{
  "num_queries_evaluated": 1478,
  "recall_scores_percent": {
    "1": 68.9445196211096,
    "3": 75.03382949932342,
    "5": 78.68741542625169,
    "10": 79.70230040595399
  },
  "average_runtime_seconds": 0.7518907672497513
}