{
  "num_queries_evaluated": 934,
  "recall_scores_percent": {
    "1": 50.107066381156315,
    "3": 57.28051391862955,
    "5": 59.421841541755896,
    "10": 60.17130620985011
  },
  "average_runtime_seconds": 1.1908929337781298
}