{
  "num_queries_evaluated": 1478,
  "recall_scores_percent": {
    "1": 68.9445196211096,
    "3": 80.92016238159675,
    "5": 82.4086603518268,
    "10": 82.61163734776726
  },
  "average_runtime_seconds": 1.2678796828841647
}