{
  "num_queries_evaluated": 1533,
  "recall_scores_percent": {
    "1": 70.64579256360078,
    "3": 77.36464448793215,
    "5": 78.34311806914546,
    "10": 78.79973907371168
  },
  "average_runtime_seconds": 0.9824595538448525
}