{
  "num_queries_evaluated": 1478,
  "recall_scores_percent": {
    "1": 76.72530446549392,
    "3": 83.28822733423546,
    "5": 84.1001353179973,
    "10": 84.37077131258457
  },
  "average_runtime_seconds": 1.1330110252468124
}