{
  "num_queries_evaluated": 1034,
  "recall_scores_percent": {
    "1": 66.53771760154739,
    "3": 76.4990328820116,
    "5": 78.72340425531915,
    "10": 79.69052224371373
  },
  "average_runtime_seconds": 1.436386127536486
}