{
  "num_queries_evaluated": 934,
  "recall_scores_percent": {
    "1": 69.593147751606,
    "3": 77.51605995717344,
    "5": 80.19271948608136,
    "10": 80.62098501070663
  },
  "average_runtime_seconds": 1.587078716055484
}