{
  "num_queries_evaluated": 934,
  "recall_scores_percent": {
    "1": 66.27408993576017,
    "3": 75.16059957173448,
    "5": 78.26552462526767,
    "10": 79.33618843683084
  },
  "average_runtime_seconds": 1.7578737120556882
}